source,destination,statut
https://zonetotalsport.ca/apps-nhl/,https://zonetotalsport.ca/,301
https://zonetotalsport.ca/apps-nba/,https://zonetotalsport.ca/,301
https://zonetotalsport.ca/apps-fifa/,https://zonetotalsport.ca/,301
https://zonetotalsport.ca/apps/nhl-playoffs/,https://zonetotalsport.ca/,301
https://zonetotalsport.ca/apps/nba-playoffs/,https://zonetotalsport.ca/,301
https://agenda.zonetotalsport.ca/,https://zonetotalsport.ca/apps/agenda/,301
https://ia.zonetotalsport.ca/,https://zonetotalsport.ca/apps/generateur/,301
https://zonetotalsport.ca/index-old.html,https://zonetotalsport.ca/,301
https://zonetotalsport.ca/teasing.html,https://zonetotalsport.ca/,301
