semaine;date;date_fr;heure;plateforme;univers;article;slug;appat_seo;texte;lien;image
1;2026-09-01;mardi 1 sept. 2026;19:00;Facebook;ÉPS + service de garde;Faire bouger les enfants au primaire : 10 leviers;faire-bouger-enfants;OUI;"Y'a des semaines où t'as l'impression que les enfants passent plus de temps assis qu'en mouvement, même à l'école.
On a rassemblé 10 leviers concrets pour faire bouger les jeunes du primaire : des jeux à essayer dès demain, des rituels actifs entre deux périodes, pis des idées qui marchent même quand t'as pas de gymnase de libre.
Rien de théorique là-dedans : c'est du testé sur le plancher.
Toi, c'est quoi ton truc no 1 pour réveiller un groupe amorphe un mardi après-midi ?
👉 https://zonetotalsport.ca/articles/faire-bouger-enfants.html";https://zonetotalsport.ca/articles/faire-bouger-enfants.html;promo/faire-bouger-enfants-carre.webp
1;2026-09-03;jeudi 3 sept. 2026;07:30;LinkedIn;ÉPS + service de garde;Faire bouger les enfants au primaire : 10 leviers;faire-bouger-enfants;OUI;"La sédentarité chez les 5-12 ans n'est pas seulement une question de temps d'éducation physique : elle se joue aussi dans les transitions, les récréations et les moments creux de la journée.
Cet article rassemble 10 leviers applicables dès la semaine prochaine, autant pour un cours structuré au gymnase que pour une plage d'animation en service de garde.
Chaque levier est accompagné d'exemples de jeux et de rituels actifs testés en milieu scolaire primaire.
L'objectif n'est pas d'ajouter une tâche de plus, mais de récupérer du mouvement là où il y en avait déjà la place.
À lire et à partager avec votre équipe-école.
https://zonetotalsport.ca/articles/faire-bouger-enfants.html";https://zonetotalsport.ca/articles/faire-bouger-enfants.html;promo/faire-bouger-enfants-carre.webp
1;2026-09-06;dimanche 6 sept. 2026;10:00;X;ÉPS + service de garde;Faire bouger les enfants au primaire : 10 leviers;faire-bouger-enfants;OUI;"10 leviers pour faire bouger les enfants au primaire : des jeux à essayer demain, des rituels actifs entre les cours, zéro théorie.
Article complet, gratuit, sans compte :
https://zonetotalsport.ca/articles/faire-bouger-enfants.html
#ÉPS #servicedegarde";https://zonetotalsport.ca/articles/faire-bouger-enfants.html;carte OG automatique (https://zonetotalsport.ca/articles/images/heroes/faire-bouger-enfants.jpg)
2;2026-09-08;mardi 8 sept. 2026;19:00;Facebook;ÉPS;Comportements perturbateurs en EPS : que faire ?;comportements-perturbateurs;OUI;"Le petit qui lance le ballon dans le plafond pendant les consignes. Celui qui part à courir avant le signal. Celui qui teste, juste pour voir.
On a mis noir sur blanc comment repérer les déclencheurs avant l'explosion, à quel moment intervenir (et surtout quand se taire), pis comment éviter que ça monte en escalade devant les 27 autres.
C'est du terrain, pas de la théorie de bac.
Ton pire déclencheur à toi, c'est lequel : les transitions, le matériel, ou l'attente du tour ?
👉 https://zonetotalsport.ca/articles/comportements-perturbateurs.html";https://zonetotalsport.ca/articles/comportements-perturbateurs.html;promo/comportements-perturbateurs-carre.webp
2;2026-09-10;jeudi 10 sept. 2026;07:30;LinkedIn;ÉPS;Comportements perturbateurs en EPS : que faire ?;comportements-perturbateurs;OUI;"En éducation physique, un comportement perturbateur ne commence presque jamais au moment où on le voit : il commence dans la transition d'avant, dans l'attente d'un tour, ou dans une consigne trop longue.
Cet article propose une lecture en trois temps — identifier les déclencheurs, choisir le moment d'intervention, désamorcer sans escalade — avec des outils applicables dans un gymnase bruyant et un groupe complet.
Il s'adresse autant aux enseignants d'éducation physique qu'aux personnes qui animent de grands groupes en contexte parascolaire.
Une ressource utile en début d'année, quand le cadre se pose encore.
https://zonetotalsport.ca/articles/comportements-perturbateurs.html";https://zonetotalsport.ca/articles/comportements-perturbateurs.html;promo/comportements-perturbateurs-carre.webp
2;2026-09-13;dimanche 13 sept. 2026;10:00;X;ÉPS;Comportements perturbateurs en EPS : que faire ?;comportements-perturbateurs;OUI;"Repérer le déclencheur avant l'explosion, intervenir au bon moment, éviter l'escalade devant les 27 autres.
Guide complet sur les comportements perturbateurs au gymnase, gratuit :
https://zonetotalsport.ca/articles/comportements-perturbateurs.html
#ÉPS #gestiondeclasse";https://zonetotalsport.ca/articles/comportements-perturbateurs.html;carte OG automatique (https://zonetotalsport.ca/articles/images/heroes/comportements-perturbateurs.jpg)
3;2026-09-15;mardi 15 sept. 2026;19:00;Facebook;ÉPS + camp de jour + service de garde;Vomi, guêpes et alarme de feu : le guide des catastrophes ordinaires;catastrophes-ordinaires;OUI;"Le vomi en plein milieu du gymnase. La guêpe dans le local. L'alarme de feu pendant que la moitié du groupe est en maillot.
Ta formation ne t'a jamais parlé de ça. Nous, oui.
On a documenté 14 situations que tout le monde vit pis dont personne ne parle, avec 3 à 4 solutions concrètes pour chacune — incluant le fameux réflexe « Code Oreille » pour gérer sans paniquer devant 25 témoins.
Laquelle t'est déjà arrivée ? (On sait que t'en as une.)
👉 https://zonetotalsport.ca/articles/catastrophes-ordinaires.html";https://zonetotalsport.ca/articles/catastrophes-ordinaires.html;promo/catastrophes-ordinaires-carre.webp
3;2026-09-17;jeudi 17 sept. 2026;07:30;LinkedIn;ÉPS + camp de jour + service de garde;Vomi, guêpes et alarme de feu : le guide des catastrophes ordinaires;catastrophes-ordinaires;OUI;"Il existe une catégorie d'imprévus dont on ne parle jamais en formation initiale : l'accident corporel devant un groupe, l'insecte qui déclenche une panique collective, l'évacuation au moment le plus inopportun de la journée.
Ces situations sont pourtant fréquentes, et la qualité de la réponse tient presque entièrement à ce qui a été préparé d'avance.
Cet article documente 14 scénarios réels avec, pour chacun, trois à quatre pistes d'intervention concrètes, plus un protocole simple pour préserver la dignité de l'enfant devant témoins.
Utile en éducation physique, en camp de jour comme en service de garde — les trois milieux vivent exactement les mêmes scènes.
https://zonetotalsport.ca/articles/catastrophes-ordinaires.html";https://zonetotalsport.ca/articles/catastrophes-ordinaires.html;promo/catastrophes-ordinaires-carre.webp
3;2026-09-20;dimanche 20 sept. 2026;10:00;X;ÉPS + camp de jour + service de garde;Vomi, guêpes et alarme de feu : le guide des catastrophes ordinaires;catastrophes-ordinaires;OUI;"Vomi en plein gymnase, guêpe dans le local, alarme de feu au pire moment : 14 situations que ta formation n'a jamais couvertes, avec des solutions.
Gratuit, sans compte :
https://zonetotalsport.ca/articles/catastrophes-ordinaires.html
#ÉPS #campdejour #servicedegarde";https://zonetotalsport.ca/articles/catastrophes-ordinaires.html;carte OG automatique (https://zonetotalsport.ca/articles/images/heroes/catastrophes-ordinaires.jpg)
4;2026-09-22;mardi 22 sept. 2026;19:00;Facebook;ÉPS;Rentrée scolaire en EPS : guide de démarrage;rentree-scolaire;;"La première semaine en éducation physique, c'est là que se joue le reste de l'année. Pas dans le contenu : dans les routines.
L'article couvre ce qu'il faut installer dès les premiers cours — les signaux, les règles, le rangement, l'entrée et la sortie du gymnase — pis le matériel à prévoir avant que tout le monde se garroche dessus.
Un cadre posé en septembre, c'est des mois de gestion en moins.
Ta première activité de l'année avec un nouveau groupe, c'est quoi ?
👉 https://zonetotalsport.ca/articles/rentree-scolaire.html";https://zonetotalsport.ca/articles/rentree-scolaire.html;promo/rentree-scolaire-carre.webp
4;2026-09-24;jeudi 24 sept. 2026;07:30;LinkedIn;ÉPS;Rentrée scolaire en EPS : guide de démarrage;rentree-scolaire;;"En éducation physique, la première semaine détermine une large part de l'année : les routines installées à ce moment-là deviennent les automatismes du groupe pour les dix mois suivants.
Cet article détaille ce qui mérite d'être posé dès les premiers cours — signaux d'arrêt et de regroupement, règles de circulation, protocole d'entrée et de sortie du gymnase, gestion du matériel — ainsi que la préparation matérielle à faire en amont.
Il aborde également le volet professionnel de la rentrée pour les personnes en début de carrière : dossier au centre de services scolaire, préparation aux entrevues, stratégies de réseautage.
https://zonetotalsport.ca/articles/rentree-scolaire.html";https://zonetotalsport.ca/articles/rentree-scolaire.html;promo/rentree-scolaire-carre.webp
4;2026-09-27;dimanche 27 sept. 2026;10:00;X;ÉPS;Rentrée scolaire en EPS : guide de démarrage;rentree-scolaire;;"La première semaine en ÉPS se joue dans les routines, pas dans le contenu.
Signaux, règles, entrée et sortie du gymnase, matériel à prévoir : le guide de démarrage d'année :
https://zonetotalsport.ca/articles/rentree-scolaire.html
#ÉPS #rentréescolaire";https://zonetotalsport.ca/articles/rentree-scolaire.html;carte OG automatique (https://zonetotalsport.ca/articles/images/heroes/rentree-scolaire.jpg)
5;2026-09-29;mardi 29 sept. 2026;19:00;Facebook;service de garde + ÉPS + camp de jour;Jeux inclusifs : un seul jeu, trois versions;un-jeu-trois-versions;;"Un jour, pour « inclure » un enfant, je lui ai donné une tâche à part pendant que les autres jouaient. J'étais fier de moi. Sauf que je venais de fabriquer l'exclusion en pensant faire de l'inclusion.
L'article explique la méthode des 4 boutons — ZONE, RYTHME, RÔLE, RETOUR — pour adapter un jeu sans jamais sortir l'enfant du groupe, avec 30 solutions concrètes réparties entre le gymnase, le camp de jour pis le service de garde.
Ça t'est déjà arrivé, toi, de réaliser après coup que ton adaptation isolait au lieu d'inclure ?
👉 https://zonetotalsport.ca/articles/un-jeu-trois-versions.html";https://zonetotalsport.ca/articles/un-jeu-trois-versions.html;promo/un-jeu-trois-versions-carre.webp
5;2026-10-01;jeudi 1 oct. 2026;07:30;LinkedIn;service de garde + ÉPS + camp de jour;Jeux inclusifs : un seul jeu, trois versions;un-jeu-trois-versions;;"Adapter une activité pour un enfant à besoins particuliers tourne souvent au piège : en créant une version « spéciale », on retire l'enfant du jeu commun tout en croyant l'inclure.
Cet article propose une méthode en quatre variables — la zone, le rythme, le rôle et le retour — qui permet de faire coexister trois niveaux de difficulté dans un seul et même jeu.
Un exemple filé (le ballon chasseur) montre le principe décliné en gymnase, en camp de jour et en service de garde, suivi de 30 solutions concrètes, dix par milieu.
La dernière section propose trois gestes applicables dès le prochain lundi, sans matériel supplémentaire.
Particulièrement pertinent pour les équipes de service de garde scolaire qui accueillent des groupes très hétérogènes en fin de journée.
https://zonetotalsport.ca/articles/un-jeu-trois-versions.html";https://zonetotalsport.ca/articles/un-jeu-trois-versions.html;promo/un-jeu-trois-versions-carre.webp
5;2026-10-04;dimanche 4 oct. 2026;10:00;X;service de garde + ÉPS + camp de jour;Jeux inclusifs : un seul jeu, trois versions;un-jeu-trois-versions;;"Adapter un jeu pour un enfant à besoins particuliers sans créer une activité à part : la méthode des 4 boutons + 30 solutions terrain.
https://zonetotalsport.ca/articles/un-jeu-trois-versions.html
#servicedegarde #inclusion #ÉPS";https://zonetotalsport.ca/articles/un-jeu-trois-versions.html;carte OG automatique (https://zonetotalsport.ca/articles/images/heroes/un-jeu-trois-versions.jpg)
6;2026-10-06;mardi 6 oct. 2026;19:00;Facebook;ÉPS;Jeux de course pour le 1er cycle : 12 idées EPS;jeux-course-1er-cycle;;"« On court-tu encore ? » — la phrase qui tue en 1re année.
Le problème, c'est rarement la course : c'est de courir pour rien. On a rassemblé 12 jeux de course pour le 1er cycle, avec un bagage moteur léger et des variantes pour relancer sans tout réexpliquer : attrape la souris, les feux de circulation, l'invasion, le mur de résistance…
Simples à monter, faciles à comprendre en 30 secondes.
Ton classique de 1re-2e année qui fonctionne toujours, c'est lequel ?
👉 https://zonetotalsport.ca/articles/jeux-course-1er-cycle.html";https://zonetotalsport.ca/articles/jeux-course-1er-cycle.html;promo/jeux-course-1er-cycle-carre.webp
6;2026-10-08;jeudi 8 oct. 2026;07:30;LinkedIn;ÉPS;Jeux de course pour le 1er cycle : 12 idées EPS;jeux-course-1er-cycle;;"Au 1er cycle du primaire, la course est souvent utilisée comme remplissage : on fait courir parce qu'il faut dépenser de l'énergie, sans intention motrice claire.
Cet article propose 12 jeux de course construits sur un bagage moteur volontairement léger — les consignes tiennent en une trentaine de secondes — avec, pour chacun, des variantes permettant de relancer le jeu sans réexpliquer.
L'ensemble couvre plusieurs familles : poursuite, invasion, relais d'obstacles, jeux de capture et de stratégie.
Une base solide pour bâtir une séquence de début d'année en éducation physique au primaire.
https://zonetotalsport.ca/articles/jeux-course-1er-cycle.html";https://zonetotalsport.ca/articles/jeux-course-1er-cycle.html;promo/jeux-course-1er-cycle-carre.webp
6;2026-10-11;dimanche 11 oct. 2026;10:00;X;ÉPS;Jeux de course pour le 1er cycle : 12 idées EPS;jeux-course-1er-cycle;;"12 jeux de course pour le 1er cycle : bagage moteur léger, consignes de 30 secondes, variantes pour relancer.
Pour ne plus jamais faire courir « pour rien » :
https://zonetotalsport.ca/articles/jeux-course-1er-cycle.html
#ÉPS #éducationphysique #primaire";https://zonetotalsport.ca/articles/jeux-course-1er-cycle.html;carte OG automatique (https://zonetotalsport.ca/articles/images/heroes/jeux-course-1er-cycle.jpg)
7;2026-10-13;mardi 13 oct. 2026;19:00;Facebook;camp de jour + ÉPS;Courbe du plaisir : combien de temps un jeu en EPS;courbe-plaisir-jeu;;"Tu connais le moment. Le jeu roule, tout le monde embarque… pis d'un coup, ça s'effrite. Deux qui chialent, trois qui s'assoient.
C'est pas ton groupe le problème : c'est la courbe du plaisir. Chaque jeu monte, plafonne, pis redescend — le truc, c'est d'arrêter avant la descente.
L'article explique comment lire les signaux, quand relancer, pis quand changer complètement d'activité.
Toi, tu le sens comment que c'est le temps d'arrêter un jeu ?
👉 https://zonetotalsport.ca/articles/courbe-plaisir-jeu.html";https://zonetotalsport.ca/articles/courbe-plaisir-jeu.html;promo/courbe-plaisir-jeu-carre.webp
7;2026-10-15;jeudi 15 oct. 2026;07:30;LinkedIn;camp de jour + ÉPS;Courbe du plaisir : combien de temps un jeu en EPS;courbe-plaisir-jeu;;"L'engagement dans un jeu suit une courbe en U inversé : montée, plateau, puis décrochage. La compétence d'animation ne consiste pas à trouver le jeu parfait, mais à reconnaître le sommet de cette courbe et à arrêter juste avant.
Cet article détaille les causes de désorganisation d'une activité (écart de compétences, conflits, pression des pairs), les signaux observables du décrochage, et les leviers pour prolonger le plateau : variation des défis, rétroaction, rotation des rôles.
C'est une compétence directement transférable en camp de jour, où une même journée enchaîne huit à dix activités et où le coût d'un jeu qui s'étire est immédiat.
https://zonetotalsport.ca/articles/courbe-plaisir-jeu.html";https://zonetotalsport.ca/articles/courbe-plaisir-jeu.html;promo/courbe-plaisir-jeu-carre.webp
7;2026-10-18;dimanche 18 oct. 2026;10:00;X;camp de jour + ÉPS;Courbe du plaisir : combien de temps un jeu en EPS;courbe-plaisir-jeu;;"Un jeu monte, plafonne, puis s'effrite. Le secret : arrêter avant la descente.
La courbe du plaisir, les signaux à lire et quand relancer un groupe qui décroche :
https://zonetotalsport.ca/articles/courbe-plaisir-jeu.html
#campdejour #animation #ÉPS";https://zonetotalsport.ca/articles/courbe-plaisir-jeu.html;carte OG automatique (https://zonetotalsport.ca/articles/images/heroes/courbe-plaisir-jeu.jpg)
8;2026-10-20;mardi 20 oct. 2026;19:00;Facebook;ÉPS + camp de jour + service de garde;Grands groupes en gymnase : 21 stratégies EPS;50-jeunes-un-gymnase;;"Deux groupes fusionnés, un remplaçant qui ne s'est pas présenté, pis te v'là avec 50 jeunes dans un gymnase prévu pour 25.
On a compilé 21 stratégies pour survivre — pis même bien travailler — dans cette situation-là : le bruit, le manque de matériel, les écarts de niveaux, la surcharge sensorielle, les transitions qui virent au chaos.
Sept stratégies pour l'ÉPS, sept pour le camp de jour, sept pour le service de garde. Tout testé sur le terrain.
C'est quoi ton record personnel de jeunes dans un gymnase ?
👉 https://zonetotalsport.ca/articles/50-jeunes-un-gymnase.html";https://zonetotalsport.ca/articles/50-jeunes-un-gymnase.html;promo/50-jeunes-un-gymnase-carre.webp
8;2026-10-22;jeudi 22 oct. 2026;07:30;LinkedIn;ÉPS + camp de jour + service de garde;Grands groupes en gymnase : 21 stratégies EPS;50-jeunes-un-gymnase;;"Les grands groupes en gymnase ne sont plus l'exception : fusion de classes, absence non remplacée, journée pédagogique, période de pluie en camp — la situation revient plusieurs fois par mois.
Cet article part de sept problématiques documentées (acoustique, matériel insuffisant, écarts de compétences motrices, surcharge sensorielle, transitions, fatigue de fin de journée) et propose 21 stratégies réparties par métier.
La structure est volontairement séparée : ce qui fonctionne en enseignement structuré n'est pas ce qui fonctionne en animation, et l'article assume cette distinction plutôt que de la lisser.
Les besoins particuliers (TDAH, TSA, limitation motrice) sont traités dès la conception des activités, pas en correctif.
https://zonetotalsport.ca/articles/50-jeunes-un-gymnase.html";https://zonetotalsport.ca/articles/50-jeunes-un-gymnase.html;promo/50-jeunes-un-gymnase-carre.webp
8;2026-10-25;dimanche 25 oct. 2026;10:00;X;ÉPS + camp de jour + service de garde;Grands groupes en gymnase : 21 stratégies EPS;50-jeunes-un-gymnase;;"50 jeunes dans un gymnase prévu pour 25 : 21 stratégies pour le bruit, le matériel, les écarts de niveaux et les transitions.
7 pour l'ÉPS, 7 pour le camp, 7 pour le SDG :
https://zonetotalsport.ca/articles/50-jeunes-un-gymnase.html
#ÉPS #gestiondeclasse";https://zonetotalsport.ca/articles/50-jeunes-un-gymnase.html;carte OG automatique (https://zonetotalsport.ca/articles/images/Images%20article%2050%20jeunes%20gymnase%20/image%201%20article%20blig%2050%20jeunes%201%20gymnase.png)
9;2026-10-27;mardi 27 oct. 2026;19:00;Facebook;ÉPS;Respect en EPS : installer une culture saine;respect-eps;;"Le respect, ça ne s'affiche pas sur un carton au mur : ça s'installe, semaine après semaine, avec des rituels.
L'article propose cinq outils pédagogiques concrets pour bâtir une vraie culture de respect au gymnase — dont la fiche réflexive à choix multiples, celle qui fait réfléchir l'élève au lieu de le punir dans le vide.
Il y a aussi des exemples de conséquences qui ont du sens, pas juste des punitions.
Ton rituel d'ouverture de cours, il ressemble à quoi ?
👉 https://zonetotalsport.ca/articles/respect-eps.html";https://zonetotalsport.ca/articles/respect-eps.html;promo/respect-eps-carre.webp
9;2026-10-29;jeudi 29 oct. 2026;07:30;LinkedIn;ÉPS;Respect en EPS : installer une culture saine;respect-eps;;"Le respect en éducation physique est rarement un problème de règles : les règles existent presque toujours. C'est un problème de rituels — ce qui est répété assez souvent pour devenir une norme de groupe.
Cet article présente cinq outils pédagogiques éprouvés au primaire (lettres, présentations d'élèves, journaux de bord, affiches co-construites, fiches réflexives à choix multiples) et explique comment les articuler à un système de conséquences cohérent.
La fiche réflexive, en particulier, déplace la logique de la sanction vers la responsabilisation, sans allonger le temps de gestion pendant le cours.
https://zonetotalsport.ca/articles/respect-eps.html";https://zonetotalsport.ca/articles/respect-eps.html;promo/respect-eps-carre.webp
9;2026-11-01;dimanche 1 nov. 2026;10:00;X;ÉPS;Respect en EPS : installer une culture saine;respect-eps;;"Le respect au gymnase, ça s'installe avec des rituels, pas avec une affiche.
5 outils pédagogiques concrets, dont la fiche réflexive qui fait réfléchir au lieu de punir dans le vide :
https://zonetotalsport.ca/articles/respect-eps.html
#ÉPS #climatscolaire";https://zonetotalsport.ca/articles/respect-eps.html;carte OG automatique (https://zonetotalsport.ca/articles/images/heroes/respect-eps.jpg)
10;2026-11-03;mardi 3 nov. 2026;19:00;Facebook;ÉPS;Élèves cotés en EPS : adapter ses cours;eleves-cotes-eps;;"T'as un élève coté dans ton groupe, un plan d'intervention de trois pages, pis 40 minutes pour faire bouger 26 jeunes. On fait quoi, concrètement ?
L'article passe à travers les grandes familles de cotes — troubles du comportement, déficiences intellectuelles et motrices, enjeux sensoriels et de communication — avec des adaptations qui fonctionnent en gymnase, sans sortir l'élève du groupe.
C'est du pratique, pas du copier-coller de politique ministérielle.
Ton adaptation la plus payante jusqu'à maintenant, c'était quoi ?
👉 https://zonetotalsport.ca/articles/eleves-cotes-eps.html";https://zonetotalsport.ca/articles/eleves-cotes-eps.html;promo/eleves-cotes-eps-carre.webp
10;2026-11-05;jeudi 5 nov. 2026;07:30;LinkedIn;ÉPS;Élèves cotés en EPS : adapter ses cours;eleves-cotes-eps;;"Les plans d'intervention sont écrits pour la classe. Le gymnase, lui, a ses propres contraintes : grand espace, bruit, déplacements rapides, matériel partagé, transitions nombreuses.
Cet article traduit les principales familles de cotes — troubles du comportement, déficiences intellectuelles, déficiences motrices, enjeux sensoriels et de communication — en adaptations concrètes applicables pendant un cours d'éducation physique.
Le principe directeur reste le même du début à la fin : adapter l'activité plutôt que retirer l'élève, et conserver la participation au jeu commun comme critère de réussite de l'adaptation.
https://zonetotalsport.ca/articles/eleves-cotes-eps.html";https://zonetotalsport.ca/articles/eleves-cotes-eps.html;promo/eleves-cotes-eps-carre.webp
10;2026-11-08;dimanche 8 nov. 2026;10:00;X;ÉPS;Élèves cotés en EPS : adapter ses cours;eleves-cotes-eps;;"Un élève coté, un plan d'intervention de 3 pages et 40 minutes pour faire bouger 26 jeunes : on fait quoi concrètement ?
Adaptations par famille de cotes, applicables en gymnase :
https://zonetotalsport.ca/articles/eleves-cotes-eps.html
#ÉPS #inclusion";https://zonetotalsport.ca/articles/eleves-cotes-eps.html;carte OG automatique (https://zonetotalsport.ca/articles/images/heroes/eleves-cotes-eps.jpg)
11;2026-11-10;mardi 10 nov. 2026;19:00;Facebook;ÉPS;Syndrome du gymnase : repérer l'épuisement EPS;syndrome-gymnase;;"Tu cries plus fort qu'avant. Tu commences à trouver tes groupes « pénibles ». Tu comptes les jours jusqu'au congé pédagogique.
Ce n'est pas juste de la fatigue de novembre. L'article décrit 8 signes du syndrome du gymnase — l'épuisement professionnel version prof d'éducation physique — pis 5 réflexes pour désamorcer avant de frapper le mur.
Ça se lit en 10 minutes, pis ça vaut la peine même si tu penses que ça ne s'adresse pas à toi.
Tu le reconnais, ce moment-là dans l'année ?
👉 https://zonetotalsport.ca/articles/syndrome-gymnase.html";https://zonetotalsport.ca/articles/syndrome-gymnase.html;promo/syndrome-gymnase-carre.webp
11;2026-11-12;jeudi 12 nov. 2026;07:30;LinkedIn;ÉPS;Syndrome du gymnase : repérer l'épuisement EPS;syndrome-gymnase;;"L'épuisement professionnel en éducation physique prend une forme particulière : bruit constant, charge vocale, grands groupes, isolement dans l'école, et une fatigue physique qui masque longtemps la fatigue psychologique.
Cet article décrit huit signes précurseurs observables et cinq réflexes de désamorçage applicables avant que la situation ne devienne un arrêt de travail.
Il s'adresse autant aux enseignants qu'aux directions, qui sont souvent les mieux placées pour repérer ces signaux chez un membre de leur équipe et intervenir tôt.
https://zonetotalsport.ca/articles/syndrome-gymnase.html";https://zonetotalsport.ca/articles/syndrome-gymnase.html;promo/syndrome-gymnase-carre.webp
11;2026-11-15;dimanche 15 nov. 2026;10:00;X;ÉPS;Syndrome du gymnase : repérer l'épuisement EPS;syndrome-gymnase;;"Crier plus fort qu'avant, trouver ses groupes « pénibles », compter les jours : 8 signes du syndrome du gymnase et 5 réflexes pour désamorcer avant le mur.
https://zonetotalsport.ca/articles/syndrome-gymnase.html
#ÉPS #santéautravail";https://zonetotalsport.ca/articles/syndrome-gymnase.html;carte OG automatique (https://zonetotalsport.ca/articles/images/heroes/syndrome-gymnase.jpg)
12;2026-11-17;mardi 17 nov. 2026;19:00;Facebook;ÉPS;Classes difficiles en EPS : poser le cadre (1/3);classes-difficiles-partie-1;;"Y'a des groupes qui te font douter de ton choix de carrière. On a écrit un guide en trois parties pour ceux-là.
La partie 1 s'attaque au début : comprendre d'où vient le comportement (famille, besoins non comblés, opposition), bâtir une vraie relation de confiance, pis poser le cadre dès la première minute de cours.
Parce qu'un cadre installé en septembre, c'est trois mois de gestion en moins.
Ton premier cours avec un groupe difficile, tu le commences comment ?
👉 https://zonetotalsport.ca/articles/classes-difficiles-partie-1.html";https://zonetotalsport.ca/articles/classes-difficiles-partie-1.html;promo/classes-difficiles-partie-1-carre.webp
12;2026-11-19;jeudi 19 nov. 2026;07:30;LinkedIn;ÉPS;Classes difficiles en EPS : poser le cadre (1/3);classes-difficiles-partie-1;;"Premier volet d'un guide en trois parties sur les groupes difficiles en éducation physique.
Cette première partie porte sur ce qui précède l'intervention : identifier les causes probables d'un comportement (contexte familial, besoins non satisfaits, difficultés d'apprentissage, trouble oppositionnel), construire une relation de confiance authentique, et poser un cadre lisible dès les premières minutes du premier cours.
Le postulat de départ est simple : la gestion de classe se joue davantage en septembre qu'en janvier, et un cadre installé tôt réduit mécaniquement le volume d'interventions du reste de l'année.
https://zonetotalsport.ca/articles/classes-difficiles-partie-1.html";https://zonetotalsport.ca/articles/classes-difficiles-partie-1.html;promo/classes-difficiles-partie-1-carre.webp
12;2026-11-22;dimanche 22 nov. 2026;10:00;X;ÉPS;Classes difficiles en EPS : poser le cadre (1/3);classes-difficiles-partie-1;;"Guide en 3 volets sur les classes difficiles en ÉPS. Partie 1 : comprendre d'où vient le comportement, bâtir la confiance, poser le cadre dès la 1re minute.
https://zonetotalsport.ca/articles/classes-difficiles-partie-1.html
#ÉPS #gestiondeclasse";https://zonetotalsport.ca/articles/classes-difficiles-partie-1.html;carte OG automatique (https://zonetotalsport.ca/articles/images/heroes/classes-difficiles-partie-1.jpg)
13;2026-11-24;mardi 24 nov. 2026;19:00;Facebook;ÉPS;Classes difficiles en EPS : stratégies (2/3);classes-difficiles-partie-2;;"Partie 2 du guide sur les classes difficiles : cette fois, on est dans le feu de l'action.
Règles claires, routines prévisibles, renforcement positif qui ne sonne pas faux, gestion du temps, transitions qui ne dégénèrent pas. Des stratégies d'intervention à appliquer en direct, pendant que le cours roule.
La partie 1 posait le cadre; celle-ci, c'est le mode d'emploi quand ça déborde quand même.
Les transitions, c'est-tu ton point faible à toi aussi ?
👉 https://zonetotalsport.ca/articles/classes-difficiles-partie-2.html";https://zonetotalsport.ca/articles/classes-difficiles-partie-2.html;promo/classes-difficiles-partie-2-carre.webp
13;2026-11-26;jeudi 26 nov. 2026;07:30;LinkedIn;ÉPS;Classes difficiles en EPS : stratégies (2/3);classes-difficiles-partie-2;;"Deuxième volet du guide sur les groupes difficiles en éducation physique, consacré à l'intervention en temps réel.
On y traite des routines qui rendent le cours prévisible, du renforcement positif appliqué avec assez de précision pour rester crédible, de la gestion du temps et des transitions — le moment où se produit la majorité des débordements.
La dernière section aborde l'adaptation pédagogique comme levier de gestion : une activité mal calibrée génère plus de comportements difficiles qu'un manque d'autorité.
À lire à la suite de la partie 1, qui porte sur l'installation du cadre.
https://zonetotalsport.ca/articles/classes-difficiles-partie-2.html";https://zonetotalsport.ca/articles/classes-difficiles-partie-2.html;promo/classes-difficiles-partie-2-carre.webp
13;2026-11-29;dimanche 29 nov. 2026;10:00;X;ÉPS;Classes difficiles en EPS : stratégies (2/3);classes-difficiles-partie-2;;"Classes difficiles en ÉPS, partie 2 : les stratégies d'intervention en direct. Routines prévisibles, renforcement positif, transitions qui ne dégénèrent pas.
https://zonetotalsport.ca/articles/classes-difficiles-partie-2.html
#ÉPS #gestiondeclasse";https://zonetotalsport.ca/articles/classes-difficiles-partie-2.html;carte OG automatique (https://zonetotalsport.ca/articles/images/heroes/classes-difficiles-partie-2.jpg)
14;2026-12-01;mardi 1 déc. 2026;19:00;Facebook;ÉPS;Classes difficiles en EPS : durer (3/3);classes-difficiles-partie-3;;"Partie 3, la plus rare : comment on se relève d'un cours qui a mal viré, pis comment on tient jusqu'en juin.
On parle de gestion de conflits, de collaboration avec les parents, d'observation ciblée des comportements qui reviennent, pis de la fatigue qui s'accumule quand on recommence chaque semaine avec le même groupe.
C'est la partie que personne n'écrit, parce qu'elle parle de durée plutôt que de trucs.
Après une séance qui vire mal, tu fais quoi pour décrocher ?
👉 https://zonetotalsport.ca/articles/classes-difficiles-partie-3.html";https://zonetotalsport.ca/articles/classes-difficiles-partie-3.html;promo/classes-difficiles-partie-3-carre.webp
14;2026-12-03;jeudi 3 déc. 2026;07:30;LinkedIn;ÉPS;Classes difficiles en EPS : durer (3/3);classes-difficiles-partie-3;;"Troisième et dernier volet du guide sur les groupes difficiles en éducation physique. Celui-ci porte sur la durée plutôt que sur la technique.
Il aborde la gestion des conflits dans le groupe, l'observation ciblée des comportements récurrents, la collaboration avec les parents comme partenaires plutôt que comme instance de sanction, et l'articulation entre apprentissage moteur, régulation émotionnelle et compétences sociales.
La question sous-jacente est celle de la soutenabilité : ce qui fonctionne une semaine et ce qui tient encore en mai ne sont pas toujours les mêmes pratiques.
https://zonetotalsport.ca/articles/classes-difficiles-partie-3.html";https://zonetotalsport.ca/articles/classes-difficiles-partie-3.html;promo/classes-difficiles-partie-3-carre.webp
14;2026-12-06;dimanche 6 déc. 2026;10:00;X;ÉPS;Classes difficiles en EPS : durer (3/3);classes-difficiles-partie-3;;"Classes difficiles en ÉPS, partie 3 : se relever d'une séance ratée et tenir jusqu'en juin.
Conflits, collaboration avec les parents, observation ciblée, durabilité :
https://zonetotalsport.ca/articles/classes-difficiles-partie-3.html
#ÉPS #viedenseignant";https://zonetotalsport.ca/articles/classes-difficiles-partie-3.html;carte OG automatique (https://zonetotalsport.ca/articles/images/heroes/classes-difficiles-partie-3.jpg)
15;2026-12-08;mardi 8 déc. 2026;19:00;Facebook;ÉPS;Système d'émulation par dollars en classe;systeme-emulation-dollar;;"La motivation en éducation physique, ça se travaille comme le reste. Un système d'émulation par dollars, bien monté, ça change l'ambiance d'un groupe en quelques semaines.
L'article explique comment le mettre en place sans y passer tes soirées : ce qui mérite un dollar, les niveaux de progression, les défis individuels pis collectifs, pis les récompenses qui fonctionnent vraiment (indice : c'est rarement du matériel).
Tu peux démarrer dès lundi matin.
T'as déjà essayé un système de points ? Ça a tenu combien de temps ?
👉 https://zonetotalsport.ca/articles/systeme-emulation-dollar.html";https://zonetotalsport.ca/articles/systeme-emulation-dollar.html;promo/systeme-emulation-dollar-carre.webp
15;2026-12-10;jeudi 10 déc. 2026;07:30;LinkedIn;ÉPS;Système d'émulation par dollars en classe;systeme-emulation-dollar;;"Le manque de motivation en éducation physique est un phénomène courant, et souvent mal traité : on ajoute de la compétition là où il faudrait de la progression visible.
Cet article détaille la mise en place d'un système d'émulation par dollars à l'échelle d'un groupe : critères d'attribution liés à la participation, à l'effort et à l'attitude, système de niveaux pour rendre la progression individuelle lisible, et défis collectifs pour éviter que le dispositif ne devienne purement individualiste.
Le volet économie de classe (coupons, échanges, récompenses) est décrit avec assez de précision pour être implanté sans phase pilote.
https://zonetotalsport.ca/articles/systeme-emulation-dollar.html";https://zonetotalsport.ca/articles/systeme-emulation-dollar.html;promo/systeme-emulation-dollar-carre.webp
15;2026-12-13;dimanche 13 déc. 2026;10:00;X;ÉPS;Système d'émulation par dollars en classe;systeme-emulation-dollar;;"Un système d'émulation par dollars en ÉPS : ce qui mérite un dollar, les niveaux, les défis collectifs et les récompenses qui fonctionnent vraiment.
Prêt à démarrer lundi matin :
https://zonetotalsport.ca/articles/systeme-emulation-dollar.html
#ÉPS #motivation";https://zonetotalsport.ca/articles/systeme-emulation-dollar.html;carte OG automatique (https://zonetotalsport.ca/articles/images/heroes/systeme-emulation-dollar.png)
16;2026-12-15;mardi 15 déc. 2026;19:00;Facebook;ÉPS;Nawatobi : corde à sauter japonaise en gymnase;nawatobi;;"Une corde à sauter, un tremplin, pis des noms de mouvements en japonais : le nawatobi, c'est le genre d'activité qui fait taire un gymnase au complet.
Arrivé au Québec au début des années 90, ça combine technique, rythme pis travail d'équipe — pis ça impressionne autant les élèves que les parents lors des présentations.
L'article couvre les bases techniques, les formations, la sécurité pis une progression pensée pour le primaire.
Tu l'as déjà essayé avec tes groupes ?
👉 https://zonetotalsport.ca/articles/nawatobi.html";https://zonetotalsport.ca/articles/nawatobi.html;promo/nawatobi-carre.webp
16;2026-12-17;jeudi 17 déc. 2026;07:30;LinkedIn;ÉPS;Nawatobi : corde à sauter japonaise en gymnase;nawatobi;;"Le nawatobi, forme japonaise du saut à la corde pratiquée sur tremplin, a été introduit au Québec au début des années 1990 et reste peu documenté en français.
Cet article en présente les origines, la nomenclature des mouvements par type de rotation, les formations de groupe, les règles de sécurité, ainsi qu'une progression par catégories construite autour de routines de vingt sauts.
C'est une activité intéressante à plusieurs titres en milieu scolaire : faible coût de matériel, forte composante rythmique et coopérative, et rendu spectaculaire lors des présentations de fin d'étape.
https://zonetotalsport.ca/articles/nawatobi.html";https://zonetotalsport.ca/articles/nawatobi.html;promo/nawatobi-carre.webp
16;2026-12-20;dimanche 20 déc. 2026;10:00;X;ÉPS;Nawatobi : corde à sauter japonaise en gymnase;nawatobi;;"Le nawatobi — corde à sauter japonaise sur tremplin — est arrivé au Québec au début des années 90.
Bases techniques, formations, sécurité et progression primaire :
https://zonetotalsport.ca/articles/nawatobi.html
#ÉPS #éducationphysique";https://zonetotalsport.ca/articles/nawatobi.html;carte OG automatique (https://zonetotalsport.ca/articles/images/heroes/nawatobi.png)
17;2027-01-05;mardi 5 janv. 2027;19:00;Facebook;ÉPS;Foobaskill : sport hybride soccer-basket en EPS;foobaskill;;"Le petit qui est bon au soccer mais nul au basket. L'autre, c'est l'inverse. Le foobaskill règle ça : un terrain divisé, deux disciplines dans le même match.
Inventé en 2017 par trois profs d'éducation physique suisses, ça mélange soccer et basketball avec un système de pointage qui force la coopération.
L'article donne les règles complètes, la progression, les éducatifs pis les adaptations pour le primaire.
Ça te tenterait de l'essayer avec ton 3e cycle ?
👉 https://zonetotalsport.ca/articles/foobaskill.html";https://zonetotalsport.ca/articles/foobaskill.html;promo/foobaskill-carre.webp
17;2027-01-07;jeudi 7 janv. 2027;07:30;LinkedIn;ÉPS;Foobaskill : sport hybride soccer-basket en EPS;foobaskill;;"Le foobaskill est un sport hybride développé en 2017 par trois enseignants d'éducation physique suisses : le terrain est divisé en deux zones, une par discipline, et les équipes alternent entre soccer et basketball au cours d'un même match.
L'intérêt pédagogique tient au système de pointage, qui rend une équipe forte dans une seule discipline structurellement incapable de gagner seule — ce qui redistribue les rôles au sein du groupe.
L'article couvre les règles, les bénéfices moteurs et cognitifs, une progression d'apprentissage et les adaptations nécessaires au primaire.
https://zonetotalsport.ca/articles/foobaskill.html";https://zonetotalsport.ca/articles/foobaskill.html;promo/foobaskill-carre.webp
17;2027-01-10;dimanche 10 janv. 2027;10:00;X;ÉPS;Foobaskill : sport hybride soccer-basket en EPS;foobaskill;;"Le foobaskill : soccer et basketball dans le même match, terrain divisé, pointage qui force la coopération. Inventé en 2017 par trois profs d'ÉPS suisses.
Règles, progression, éducatifs, adaptations primaire :
https://zonetotalsport.ca/articles/foobaskill.html
#ÉPS #sportscolaire";https://zonetotalsport.ca/articles/foobaskill.html;carte OG automatique (https://zonetotalsport.ca/articles/images/heroes/foobaskill.png)
18;2027-01-12;mardi 12 janv. 2027;19:00;Facebook;ÉPS;Émulation par dollars à l'échelle de l'école;systeme-emulation-dollars-ecole;;"Quand le système d'émulation fonctionne dans ta classe, la question suivante arrive vite : est-ce qu'on l'étend à l'école au complet ?
L'article couvre le déploiement à grande échelle : comment coordonner plusieurs profs sans que ça devienne un cauchemar administratif, comment fonctionne la semaine des achats d'activités, pis pourquoi il ne faut surtout pas mettre de limite quotidienne.
La suite logique du modèle classe.
Ça existe-tu déjà, un système comme ça, dans ton école ?
👉 https://zonetotalsport.ca/articles/systeme-emulation-dollars-ecole.html";https://zonetotalsport.ca/articles/systeme-emulation-dollars-ecole.html;promo/systeme-emulation-dollars-ecole-carre.webp
18;2027-01-14;jeudi 14 janv. 2027;07:30;LinkedIn;ÉPS;Émulation par dollars à l'échelle de l'école;systeme-emulation-dollars-ecole;;"Passer d'un système d'émulation de classe à un dispositif à l'échelle de l'école change la nature du projet : ce n'est plus une pratique pédagogique individuelle, c'est un chantier d'équipe-école.
Cet article traite des conditions de réussite du déploiement : critères d'attribution partagés entre les enseignants, absence de plafond quotidien pour soutenir la persévérance, et organisation de la « semaine des achats d'activités » — compilation, allocation, planification logistique.
Il précise également le rôle attendu de chaque enseignant dans l'observation et le suivi, qui est la principale cause d'essoufflement des systèmes de ce type après quelques mois.
https://zonetotalsport.ca/articles/systeme-emulation-dollars-ecole.html";https://zonetotalsport.ca/articles/systeme-emulation-dollars-ecole.html;promo/systeme-emulation-dollars-ecole-carre.webp
18;2027-01-17;dimanche 17 janv. 2027;10:00;X;ÉPS;Émulation par dollars à l'échelle de l'école;systeme-emulation-dollars-ecole;;"Étendre un système d'émulation par dollars à l'école entière : coordination entre profs, semaine des achats d'activités, durabilité.
La suite logique du modèle classe :
https://zonetotalsport.ca/articles/systeme-emulation-dollars-ecole.html
#ÉPS #équipeécole";https://zonetotalsport.ca/articles/systeme-emulation-dollars-ecole.html;carte OG automatique (https://zonetotalsport.ca/articles/images/heroes/systeme-emulation-dollars-ecole.jpg)
19;2027-01-19;mardi 19 janv. 2027;19:00;Facebook;ÉPS;SAÉ course primaire : situation prête à utiliser;sae-course;;"Une SAÉ sur la course, complète, prête à utiliser : 8 cours, objectifs différenciés par année, fiche élève incluse, critères alignés sur le PFEQ.
Pas besoin de la réécrire — juste de l'imprimer pis de l'adapter à ton contexte. On explique aussi comment garder la motivation quand on travaille la course sur plusieurs semaines (le vrai défi).
Tu la travailles comment, toi, la course, en début d'année ?
👉 https://zonetotalsport.ca/articles/sae-course.html";https://zonetotalsport.ca/articles/sae-course.html;promo/sae-course-carre.webp
19;2027-01-21;jeudi 21 janv. 2027;07:30;LinkedIn;ÉPS;SAÉ course primaire : situation prête à utiliser;sae-course;;"Une situation d'apprentissage et d'évaluation complète sur la course au primaire, structurée en huit cours, avec des objectifs différenciés selon le niveau et une fiche élève prête à imprimer.
Les critères d'évaluation sont alignés sur le Programme de formation de l'école québécoise, ce qui permet de l'intégrer directement à une planification annuelle plutôt que de la traiter comme une activité isolée.
L'article traite aussi d'un enjeu rarement abordé dans les SAÉ publiées : le maintien de la motivation quand la même compétence motrice est travaillée sur plusieurs semaines consécutives.
https://zonetotalsport.ca/articles/sae-course.html";https://zonetotalsport.ca/articles/sae-course.html;promo/sae-course-carre.webp
19;2027-01-24;dimanche 24 janv. 2027;10:00;X;ÉPS;SAÉ course primaire : situation prête à utiliser;sae-course;;"Une SAÉ sur la course prête à utiliser : 8 cours, objectifs différenciés par année, fiche élève incluse, critères alignés sur le PFEQ.
https://zonetotalsport.ca/articles/sae-course.html
#ÉPS #SAÉ #PFEQ";https://zonetotalsport.ca/articles/sae-course.html;carte OG automatique (https://zonetotalsport.ca/articles/images/heroes/sae-course.jpg)
20;2027-01-26;mardi 26 janv. 2027;19:00;Facebook;ÉPS + service de garde;Les comptes rendus de rencontre sans y passer ta soirée;comptes-rendus-rencontres;;"Comité, rencontre statutaire, rencontre de parents. Tu prends des notes, pis tu passes ta soirée à les remettre au propre. Chaque fois.
L'article montre trois façons de capturer une rencontre selon son type — écrire, parler, ou déposer l'enregistrement — pis comment le compte rendu s'écrit ensuite, décisions et actions comprises. Avec une vue « Mes actions » pour ne plus rien échapper d'une rencontre à l'autre.
Tes comptes rendus, tu les fais quand, honnêtement ? Le soir même ou trois jours plus tard ?
👉 https://zonetotalsport.ca/articles/comptes-rendus-rencontres.html";https://zonetotalsport.ca/articles/comptes-rendus-rencontres.html;promo/comptes-rendus-rencontres-carre.webp
20;2027-01-28;jeudi 28 janv. 2027;07:30;LinkedIn;ÉPS + service de garde;Les comptes rendus de rencontre sans y passer ta soirée;comptes-rendus-rencontres;;"Le compte rendu de rencontre est une tâche à faible valeur perçue et à coût réel élevé : elle est presque toujours reportée, puis exécutée de mémoire, plusieurs jours après la rencontre.
Cet article propose trois modes de capture selon le type de rencontre — prise de notes, dictée, dépôt d'un enregistrement — et distingue deux formats de sortie : la transcription mot à mot et le compte rendu structuré, qui ne servent pas les mêmes usages.
La partie la plus utile concerne le suivi : une vue transversale des actions engagées, qui permet de reprendre un dossier d'une rencontre à l'autre sans relire l'ensemble des documents.
https://zonetotalsport.ca/articles/comptes-rendus-rencontres.html";https://zonetotalsport.ca/articles/comptes-rendus-rencontres.html;promo/comptes-rendus-rencontres-carre.webp
20;2027-01-31;dimanche 31 janv. 2027;10:00;X;ÉPS + service de garde;Les comptes rendus de rencontre sans y passer ta soirée;comptes-rendus-rencontres;;"Comité, statutaire, rencontre de parents : capturer la rencontre en écrivant, en parlant ou en déposant l'enregistrement — le compte rendu s'écrit ensuite, décisions et actions comprises.
https://zonetotalsport.ca/articles/comptes-rendus-rencontres.html
#éducation #productivité";https://zonetotalsport.ca/articles/comptes-rendus-rencontres.html;carte OG automatique (https://zonetotalsport.ca/articles/images/heroes/comptes-rendus-rencontres.jpg)
21;2027-02-02;mardi 2 févr. 2027;19:00;Facebook;ÉPS;Bienfaits du sport pour les enfants : guide EPS;bienfaits-sport-enfants;;"Quand un parent ou une direction te demande « à quoi ça sert vraiment, l'éducation physique ? », ça peut être utile d'avoir les arguments à portée de main.
On a rassemblé sur une seule page les bienfaits du sport chez les enfants du primaire : santé physique, santé mentale, confiance en soi, développement social. Avec des données, pas juste des impressions.
Près d'un enfant sur quatre est en surpoids ou obèse — ça met la conversation en perspective.
Tu utilises quoi comme argument quand on coupe dans tes périodes ?
👉 https://zonetotalsport.ca/articles/bienfaits-sport-enfants.html";https://zonetotalsport.ca/articles/bienfaits-sport-enfants.html;promo/bienfaits-sport-enfants-carre.webp
21;2027-02-04;jeudi 4 févr. 2027;07:30;LinkedIn;ÉPS;Bienfaits du sport pour les enfants : guide EPS;bienfaits-sport-enfants;;"Les enseignants d'éducation physique doivent régulièrement justifier la valeur de leur discipline — devant une direction, un conseil d'établissement, ou des parents.
Cet article rassemble en une page les effets documentés de l'activité physique chez les enfants du primaire : bénéfices sur la santé physique et la prévention, réduction du stress et de l'anxiété, développement de la confiance en soi, et acquisition de compétences sociales.
Les repères de fréquence hebdomadaire y sont précisés, ce qui en fait un document utilisable tel quel en appui à une demande de ressources ou de temps d'enseignement.
https://zonetotalsport.ca/articles/bienfaits-sport-enfants.html";https://zonetotalsport.ca/articles/bienfaits-sport-enfants.html;promo/bienfaits-sport-enfants-carre.webp
21;2027-02-07;dimanche 7 févr. 2027;10:00;X;ÉPS;Bienfaits du sport pour les enfants : guide EPS;bienfaits-sport-enfants;;"« Près d'un enfant sur quatre est en surpoids ou obèse. »
Les bienfaits du sport au primaire — santé physique, mentale, émotionnelle, sociale — rassemblés sur une page :
https://zonetotalsport.ca/articles/bienfaits-sport-enfants.html
#ÉPS #santédesjeunes";https://zonetotalsport.ca/articles/bienfaits-sport-enfants.html;carte OG automatique (https://zonetotalsport.ca/articles/images/heroes/bienfaits-sport-enfants.jpg)
22;2027-02-09;mardi 9 févr. 2027;19:00;Facebook;camp de jour + ÉPS;Color Run à l'école : guide complet d'organisation;color-run;;"Imagine 1000 élèves habillés en blanc qui virent arc-en-ciel en 45 minutes. C'est l'événement dont on parle encore en juin.
Sauf qu'une Color Run, ça se prépare 4 à 6 mois d'avance : budget, parcours, sécurité, poudre, stations, bénévoles. On a mis tout ça dans un guide complet, étape par étape, avec les affaires auxquelles personne ne pense la première fois.
Ton école ou ton camp en a déjà fait une ? Raconte comment ça s'est passé.
👉 https://zonetotalsport.ca/articles/color-run.html";https://zonetotalsport.ca/articles/color-run.html;promo/color-run-carre.webp
22;2027-02-11;jeudi 11 févr. 2027;07:30;LinkedIn;camp de jour + ÉPS;Color Run à l'école : guide complet d'organisation;color-run;;"Une Color Run réussie ressemble à une fête spontanée. Elle est en réalité le résultat de quatre à six mois de planification : budget, choix de date, tracé du parcours, protocole de sécurité, approvisionnement en poudre, recrutement et briefing des bénévoles.
Ce guide décompose l'événement en étapes ordonnées, avec les points de friction que l'on découvre généralement à la première édition : gestion des vents dominants aux stations de couleur, circulation des groupes, nettoyage, et communication aux parents.
Applicable en milieu scolaire comme en camp de jour, pour une centaine de participants comme pour un millier.
https://zonetotalsport.ca/articles/color-run.html";https://zonetotalsport.ca/articles/color-run.html;promo/color-run-carre.webp
22;2027-02-14;dimanche 14 févr. 2027;10:00;X;camp de jour + ÉPS;Color Run à l'école : guide complet d'organisation;color-run;;"1000 élèves en blanc qui deviennent arc-en-ciel : la Color Run, ça se prépare 4 à 6 mois d'avance.
Guide complet — budget, parcours, sécurité, stations, bénévoles :
https://zonetotalsport.ca/articles/color-run.html
#campdejour #événementscolaire";https://zonetotalsport.ca/articles/color-run.html;carte OG automatique (https://zonetotalsport.ca/articles/images/heroes/color-run.jpg)
23;2027-02-16;mardi 16 févr. 2027;19:00;Facebook;camp de jour;20 grands jeux extérieurs pour camp de jour;grands-jeux-exterieurs-camp-de-jour;;"Fin d'après-midi, 30 degrés, un groupe qui commence à s'étioler dans le gazon. Faut sortir un gros jeu, pis vite.
On a monté 20 grands jeux extérieurs clé en main pour les camps de jour : poursuites, jeux d'eau pour la canicule, jeux coopératifs, pis des grands jeux thématiques classés par groupe d'âge.
Tout est gratuit, pas de compte à créer, juste à lire pis à sortir dehors.
Ton grand jeu qui marche à tous les coups, c'est lequel ?
👉 https://zonetotalsport.ca/articles/grands-jeux-exterieurs-camp-de-jour.html";https://zonetotalsport.ca/articles/grands-jeux-exterieurs-camp-de-jour.html;promo/grands-jeux-exterieurs-camp-de-jour-carre.webp
23;2027-02-18;jeudi 18 févr. 2027;07:30;LinkedIn;camp de jour;20 grands jeux extérieurs pour camp de jour;grands-jeux-exterieurs-camp-de-jour;;"Un groupe qui s'ennuie devient, en quelques minutes, un groupe difficile à animer. C'est vrai en camp de jour plus qu'ailleurs, parce que la journée est longue et l'espace, ouvert.
Cet article rassemble 20 grands jeux extérieurs prêts à animer, organisés par intention : brûler de l'énergie, rafraîchir un groupe en canicule, souder une équipe en début de semaine, ou marquer une fin de session.
Chaque jeu est présenté avec son groupe d'âge cible et le matériel réellement nécessaire — rien qui demande un budget d'achat.
Une ressource utile pour les coordonnateurs qui préparent la banque d'activités de leur équipe d'animation.
https://zonetotalsport.ca/articles/grands-jeux-exterieurs-camp-de-jour.html";https://zonetotalsport.ca/articles/grands-jeux-exterieurs-camp-de-jour.html;promo/grands-jeux-exterieurs-camp-de-jour-carre.webp
23;2027-02-21;dimanche 21 févr. 2027;10:00;X;camp de jour;20 grands jeux extérieurs pour camp de jour;grands-jeux-exterieurs-camp-de-jour;;"20 grands jeux extérieurs clé en main pour ton camp de jour : poursuite, eau, coopération, grands jeux thématiques, classés par âge.
Gratuit :
https://zonetotalsport.ca/articles/grands-jeux-exterieurs-camp-de-jour.html
#campdejour #animation";https://zonetotalsport.ca/articles/grands-jeux-exterieurs-camp-de-jour.html;carte OG automatique (https://zonetotalsport.ca/articles/images/heroes/grands-jeux-exterieurs-camp-de-jour.jpg)
24;2027-02-23;mardi 23 févr. 2027;19:00;Facebook;ÉPS;Harcèlement envers les enseignants : agir;harcelement-enseignants;;"On parle beaucoup d'intimidation entre élèves. Beaucoup moins de ce que vivent certains enseignants — de la part de collègues, de parents, parfois de la direction.
L'article aide à reconnaître les signes du harcèlement psychologique en milieu scolaire, explique quoi documenter, à qui s'adresser, et quels recours existent réellement.
Personne ne devrait avoir à gérer ça tout seul.
Est-ce qu'on en parle assez, dans nos écoles ? Si le sujet te concerne ou concerne quelqu'un autour de toi, ça vaut la lecture.
👉 https://zonetotalsport.ca/articles/harcelement-enseignants.html";https://zonetotalsport.ca/articles/harcelement-enseignants.html;promo/harcelement-enseignants-carre.webp
24;2027-02-25;jeudi 25 févr. 2027;07:30;LinkedIn;ÉPS;Harcèlement envers les enseignants : agir;harcelement-enseignants;;"Le harcèlement psychologique en milieu scolaire est bien documenté lorsqu'il touche les élèves, beaucoup moins lorsqu'il vise le personnel enseignant.
Cet article définit ce que recouvre le harcèlement psychologique au travail dans le contexte scolaire, décrit ses manifestations et ses effets sur la santé, puis détaille les démarches concrètes : documentation des faits, signalement interne, recours externes disponibles.
Il aborde également le rôle des politiques d'établissement dans la prévention.
Une ressource à connaître, et à transmettre à une personne qui en aurait besoin.
https://zonetotalsport.ca/articles/harcelement-enseignants.html";https://zonetotalsport.ca/articles/harcelement-enseignants.html;promo/harcelement-enseignants-carre.webp
24;2027-02-28;dimanche 28 févr. 2027;10:00;X;ÉPS;Harcèlement envers les enseignants : agir;harcelement-enseignants;;"Harcèlement psychologique envers les enseignants : reconnaître les signes, documenter, savoir à qui s'adresser et quels recours existent.
Un sujet dont on parle trop peu :
https://zonetotalsport.ca/articles/harcelement-enseignants.html
#éducation #santéautravail";https://zonetotalsport.ca/articles/harcelement-enseignants.html;carte OG automatique (https://zonetotalsport.ca/articles/images/heroes/harcelement-enseignants.jpg)
25;2027-03-02;mardi 2 mars 2027;19:00;Facebook;ÉPS;Suppléance en école : guide pratique terrain;suppleance-ecoles;;"Arriver dans une école que tu ne connais pas, avec six groupes différents dans la journée pis un plan de cours écrit à la main sur un post-it. Bienvenue en suppléance.
L'article rassemble ce qui fait la différence : quoi préparer avant d'arriver, comment accueillir un groupe qui va te tester dans les 90 premières secondes, comment gérer les comportements sans historique, pis quoi laisser comme compte rendu à la fin.
Du concret pour ceux qui commencent — pis des rappels pour les autres.
Ta pire journée de suppléance, elle ressemblait à quoi ?
👉 https://zonetotalsport.ca/articles/suppleance-ecoles.html";https://zonetotalsport.ca/articles/suppleance-ecoles.html;promo/suppleance-ecoles-carre.webp
25;2027-03-04;jeudi 4 mars 2027;07:30;LinkedIn;ÉPS;Suppléance en école : guide pratique terrain;suppleance-ecoles;;"La suppléance concentre en une journée toutes les difficultés du métier : groupe inconnu, absence d'historique relationnel, planification incomplète, et un test systématique de la part des élèves dans les premières minutes.
Ce guide couvre le cycle complet : activation du dossier auprès d'un centre de services scolaire, préparation avant l'arrivée, accueil et installation du climat, gestion des comportements sans connaissance préalable du groupe, et rédaction d'un compte rendu utile à l'enseignant titulaire.
Utile aux personnes qui débutent en suppléance, et aux écoles qui souhaitent mieux les accueillir.
https://zonetotalsport.ca/articles/suppleance-ecoles.html";https://zonetotalsport.ca/articles/suppleance-ecoles.html;promo/suppleance-ecoles-carre.webp
25;2027-03-07;dimanche 7 mars 2027;10:00;X;ÉPS;Suppléance en école : guide pratique terrain;suppleance-ecoles;;"Six groupes inconnus dans la même journée, un plan écrit sur un post-it : le guide pratique de la suppléance au primaire.
Préparation, accueil, gestion sans historique, compte rendu :
https://zonetotalsport.ca/articles/suppleance-ecoles.html
#suppléance #éducation";https://zonetotalsport.ca/articles/suppleance-ecoles.html;carte OG automatique (https://zonetotalsport.ca/articles/images/heroes/suppleance-ecoles.png)
26;2027-03-09;mardi 9 mars 2027;19:00;Facebook;service de garde + ÉPS + camp de jour;Inventaire du matériel sportif : la méthode éclair;inventaire-materiel-sans-effort;;"L'inventaire du matériel, c'est l'affaire qu'on repousse jusqu'à ce qu'on la fasse un samedi, dans un local poussiéreux, en sacrant.
On propose une autre méthode : 4 piliers (tri radical, zonage visuel, micro-inventaires rotatifs, numérisation), 9 solutions adaptées au gymnase, au service de garde pis au camp, avec un plan de 7 jours pour tout démarrer.
Un objet sans adresse est un objet en sursis — c'est pas mal ça, l'idée.
Ton local à matériel, il ressemble à quoi honnêtement en ce moment ?
👉 https://zonetotalsport.ca/articles/inventaire-materiel-sans-effort.html";https://zonetotalsport.ca/articles/inventaire-materiel-sans-effort.html;promo/inventaire-materiel-sans-effort-carre.webp
26;2027-03-11;jeudi 11 mars 2027;07:30;LinkedIn;service de garde + ÉPS + camp de jour;Inventaire du matériel sportif : la méthode éclair;inventaire-materiel-sans-effort;;"L'inventaire du matériel est une tâche invisible : jamais planifiée, jamais rémunérée, et pourtant refaite chaque année dans l'urgence de juin.
Cet article propose de sortir de la logique du grand tableau annuel — statique, obsolète en deux semaines — au profit de quatre piliers : tri radical, zonage visuel du local, micro-inventaires rotatifs et numérisation légère.
Neuf solutions concrètes sont déclinées par milieu (gymnase scolaire, service de garde, camp de jour), suivies d'un plan d'implantation étalé sur sept jours.
Pertinent pour les techniciennes et responsables de service de garde qui gèrent un local partagé entre plusieurs équipes.
https://zonetotalsport.ca/articles/inventaire-materiel-sans-effort.html";https://zonetotalsport.ca/articles/inventaire-materiel-sans-effort.html;promo/inventaire-materiel-sans-effort-carre.webp
26;2027-03-14;dimanche 14 mars 2027;10:00;X;service de garde + ÉPS + camp de jour;Inventaire du matériel sportif : la méthode éclair;inventaire-materiel-sans-effort;;"« Un objet sans adresse est un objet en sursis. »
4 piliers, 9 solutions terrain et un plan de 7 jours pour faire l'inventaire du matériel sans y perdre tes fins de semaine :
https://zonetotalsport.ca/articles/inventaire-materiel-sans-effort.html
#servicedegarde #ÉPS";https://zonetotalsport.ca/articles/inventaire-materiel-sans-effort.html;carte OG automatique (https://zonetotalsport.ca/articles/images/heroes/inventaire-materiel-sans-effort.jpg)
27;2027-03-16;mardi 16 mars 2027;19:00;Facebook;ÉPS;Préparer l'année scolaire en EPS : checklist d'été;avance-annee-scolaire;;"Juin arrive, pis avec lui la tentation de tout fermer pis de partir. Sauf que deux ou trois heures investies maintenant, c'est une rentrée pas mal plus douce en août.
L'article propose une checklist d'été : revoir la planification annuelle, préparer les documents du parascolaire, faire l'inventaire pis passer les commandes pendant qu'il reste du budget, pis faire un vrai bilan de l'année.
Rien d'héroïque — juste les affaires qui coûtent trois fois plus cher à faire en août.
Tu en fais-tu, toi, de la préparation d'été ? Ou tu débranches complètement ?
👉 https://zonetotalsport.ca/articles/avance-annee-scolaire.html";https://zonetotalsport.ca/articles/avance-annee-scolaire.html;promo/avance-annee-scolaire-carre.webp
27;2027-03-18;jeudi 18 mars 2027;07:30;LinkedIn;ÉPS;Préparer l'année scolaire en EPS : checklist d'été;avance-annee-scolaire;;"La fin d'année scolaire est le moment le moins coûteux pour préparer la suivante : le contexte est encore frais, le matériel est sous les yeux, et les budgets ne sont pas tous fermés.
Cette checklist d'été couvre quatre chantiers : révision de la planification annuelle à la lumière de ce qui a réellement fonctionné, préparation administrative du parascolaire et des tournois, inventaire du matériel avec commandes budgétisées, et bilan professionnel personnel.
Une planification structurée reste la colonne vertébrale d'un programme d'éducation physique cohérent — et elle se construit mieux en juin qu'à la mi-août.
https://zonetotalsport.ca/articles/avance-annee-scolaire.html";https://zonetotalsport.ca/articles/avance-annee-scolaire.html;promo/avance-annee-scolaire-carre.webp
27;2027-03-21;dimanche 21 mars 2027;10:00;X;ÉPS;Préparer l'année scolaire en EPS : checklist d'été;avance-annee-scolaire;;"Deux ou trois heures en juin = une rentrée pas mal plus douce en août.
Checklist d'été pour l'ÉPS : planification annuelle, parascolaire, inventaire, commandes avant la fin du budget :
https://zonetotalsport.ca/articles/avance-annee-scolaire.html
#ÉPS #planification";https://zonetotalsport.ca/articles/avance-annee-scolaire.html;carte OG automatique (https://zonetotalsport.ca/articles/images/heroes/avance-annee-scolaire.jpg)
